<?xml version="1.0" encoding="UTF-8"?>
<!DOCTYPE isys [
        <!ELEMENT isys (info|delete)*>
        <!ELEMENT info (title|version|requirement|directory|revision|release)*>
        <!ELEMENT title (#PCDATA)>
        <!ELEMENT version (#PCDATA)>
        <!ELEMENT requirement (revision|version)*>
        <!ELEMENT revision (#PCDATA)>
        <!ELEMENT directory (#PCDATA)>
        <!ELEMENT release (#PCDATA)>
        <!ELEMENT delete (file|dir)*>
        <!ELEMENT file (#PCDATA)>
        <!ELEMENT dir (#PCDATA)>
        ]>
<isys>
    <info>
        <title>i-doit v1.4.8</title>
        <version>1.4.8</version>
        <requirement>
            <revision>18300</revision>
            <version>1.4</version>
        </requirement>
        <directory>v1.4.8</directory>
        <revision>18308</revision>
        <release>2014-10-26</release>
    </info>
    <delete>
        <file>REVISION</file>
        <file>src/classes/tree/isys_tree_collection.class.php</file>
        <file>src/classes/modules/report/widgets/reports/isys_report_widgets_reports.class.php</file>
        <file>src/classes/modules/report/widgets/reports/templates/config.tpl</file>
        <file>src/classes/modules/report/widgets/reports/templates/report.tpl</file>
        <file>src/classes/modules/report/widgets/reports/templates</file>
        <file>src/classes/modules/report/widgets/reports</file>
        <file>src/classes/modules/report/widgets</file>
    </delete>
</isys>