<?xml version="1.0" encoding="UTF-8"?>
<!DOCTYPE isys [
        <!ELEMENT isys (info|queries)*>
        <!ELEMENT info (title|version|requirement|directory|revision|release)*>
        <!ELEMENT title (#PCDATA)>
        <!ELEMENT version (#PCDATA)>
        <!ELEMENT requirement (revision|version)*>
        <!ELEMENT revision (#PCDATA)>
        <!ELEMENT directory (#PCDATA)>
        <!ELEMENT release (#PCDATA)>
        <!ELEMENT queries (query)*>
        <!ELEMENT query (id|title|check|errmsg|sql)*>
        <!ELEMENT id (#PCDATA)>
        <!ELEMENT check (#PCDATA)>
        <!ATTLIST check ident CDATA #REQUIRED>
        <!ELEMENT errmsg (#PCDATA)>
        <!ELEMENT sql (exec)*>
        <!ELEMENT exec (#PCDATA)>
        <!ATTLIST exec ident CDATA #REQUIRED>
        ]>
<isys>
    <info>
        <title>i-doit v1.4.8</title>
        <version>1.4.8</version>
        <requirement>
            <revision>18300</revision>
            <version>1.4</version>
        </requirement>
        <directory>v1.4.8</directory>
        <revision>18308</revision>
        <release>2014-10-26</release>
    </info>
    <queries>
        <query>
            <id>1</id>
            <title></title>
            <check ident="C_VALUE_EXISTS">SELECT isys_report__id FROM isys_report WHERE isys_report__isys_report_category__id = '' OR isys_report__isys_report_category__id IS NULL</check>
            <errmsg></errmsg>
            <sql>
                <exec ident="true">
                    SET @GLOBALCATEGORY = (SELECT isys_report_category__id FROM isys_report_category WHERE isys_report_category__title = 'Global');

                    UPDATE isys_report SET isys_report__isys_report_category__id = @GLOBALCATEGORY WHERE isys_report__isys_report_category__id = '' OR isys_report__isys_report_category__id IS NULL;
                </exec>
            </sql>
        </query>
    </queries>
</isys>